{
	"info": {
		"_postman_id": "6f7f8241-7778-48cc-b1ae-3f4c40678122",
		"name": "ApresentarT",
		"schema": "https://schema.getpostman.com/json/collection/v2.1.0/collection.json",
		"_exporter_id": "29003601"
	},
	"item": [
		{
			"name": "Cadastrar de Produto",
			"request": {
				"auth": {
					"type": "bearer",
					"bearer": [
						{
							"key": "token",
							"value": "eyJhbGciOiJIUzI1NiIsInR5cCI6IkpXVCJ9.eyJpc3MiOiJhdXRoLWFwaSIsInN1YiI6Im1hdHRlbWF0QGdtYWlsLmNvbSIsImV4cCI6MTY5ODQxMTQ1Nn0.x2wdCiIT0XAFR2Lt60itooHZOtKVXFJABh_gFH27sj8",
							"type": "string"
						}
					]
				},
				"method": "POST",
				"header": [],
				"body": {
					"mode": "raw",
					"raw": "{\r\n        \r\n        \"nome\": \"mac\",\r\n        \"preco\": 22501,\r\n        \"qtdEstoque\": 27,\r\n        \"descricao\": \"MacBook Pro 5\",\r\n        \"status\": \"Novo\"\r\n    }",
					"options": {
						"raw": {
							"language": "json"
						}
					}
				},
				"url": {
					"raw": "http://localhost:8080/produtos",
					"protocol": "http",
					"host": [
						"localhost"
					],
					"port": "8080",
					"path": [
						"produtos"
					]
				}
			},
			"response": []
		},
		{
			"name": "Lista de produto",
			"request": {
				"method": "GET",
				"header": [],
				"url": {
					"raw": "http://localhost:8080/produtos",
					"protocol": "http",
					"host": [
						"localhost"
					],
					"port": "8080",
					"path": [
						"produtos"
					]
				}
			},
			"response": []
		},
		{
			"name": "Consultar nome do produto",
			"request": {
				"method": "GET",
				"header": [],
				"url": {
					"raw": "http://localhost:8080/produtos?nomeProduto=Relógio Cuco Ouro ",
					"protocol": "http",
					"host": [
						"localhost"
					],
					"port": "8080",
					"path": [
						"produtos"
					],
					"query": [
						{
							"key": "nomeProduto",
							"value": "Relógio Cuco Ouro "
						}
					]
				}
			},
			"response": []
		},
		{
			"name": "Usuarios",
			"request": {
				"auth": {
					"type": "bearer",
					"bearer": [
						{
							"key": "token",
							"value": "eyJhbGciOiJIUzI1NiIsInR5cCI6IkpXVCJ9.eyJpc3MiOiJhdXRoLWFwaSIsInN1YiI6ImJlcm5hcmRAZ21haWwuY29tIiwiZXhwIjoxNjk4NDExMTI3fQ.pjF6C933xalA8Z-k_meK9DMnDem0tkv7MivIuUfftw0",
							"type": "string"
						}
					]
				},
				"method": "GET",
				"header": [],
				"url": {
					"raw": "http://localhost:8080/usuarios",
					"protocol": "http",
					"host": [
						"localhost"
					],
					"port": "8080",
					"path": [
						"usuarios"
					]
				}
			},
			"response": []
		},
		{
			"name": "Delete Produto",
			"request": {
				"auth": {
					"type": "bearer",
					"bearer": [
						{
							"key": "token",
							"value": "eyJhbGciOiJIUzI1NiIsInR5cCI6IkpXVCJ9.eyJpc3MiOiJhdXRoLWFwaSIsInN1YiI6Im1hdHRlbWF0QGdtYWlsLmNvbSIsImV4cCI6MTY5ODQxMTQ1Nn0.x2wdCiIT0XAFR2Lt60itooHZOtKVXFJABh_gFH27sj8",
							"type": "string"
						}
					]
				},
				"method": "DELETE",
				"header": [],
				"url": {
					"raw": "http://localhost:8080/produtos/7",
					"protocol": "http",
					"host": [
						"localhost"
					],
					"port": "8080",
					"path": [
						"produtos",
						"7"
					]
				}
			},
			"response": []
		},
		{
			"name": "Login",
			"request": {
				"method": "POST",
				"header": [],
				"body": {
					"mode": "raw",
					"raw": "{\r\n    \"password\": \"123456789\",\r\n    \"login\": \"mattemat@gmail.com\"\r\n}",
					"options": {
						"raw": {
							"language": "json"
						}
					}
				},
				"url": {
					"raw": "http://localhost:8080/auth/login",
					"protocol": "http",
					"host": [
						"localhost"
					],
					"port": "8080",
					"path": [
						"auth",
						"login"
					]
				}
			},
			"response": []
		},
		{
			"name": "register",
			"request": {
				"method": "POST",
				"header": [],
				"body": {
					"mode": "raw",
					"raw": "{\r\n    \"nome\": \"Bernardo Prof\",\r\n    \"cidade\": \"Santa Maria/RS\",\r\n    \"telefone\": \"55977777\",\r\n    \"senha\": \"123456789\",\r\n    \"email\": \"bernard@gmail.com\"\r\n}",
					"options": {
						"raw": {
							"language": "json"
						}
					}
				},
				"url": {
					"raw": "http://localhost:8080/auth/register",
					"protocol": "http",
					"host": [
						"localhost"
					],
					"port": "8080",
					"path": [
						"auth",
						"register"
					]
				}
			},
			"response": []
		},
		{
			"name": "Atualizar de Produto",
			"request": {
				"auth": {
					"type": "bearer",
					"bearer": [
						{
							"key": "token",
							"value": "eyJhbGciOiJIUzI1NiIsInR5cCI6IkpXVCJ9.eyJpc3MiOiJhdXRoLWFwaSIsInN1YiI6Im1hdHRlbWF0QGdtYWlsLmNvbSIsImV4cCI6MTY5ODAxNzAwOX0.nOGHs3QMdNLvZgw2aG14Ox0reHp1A9_Z6Ja1wEwo8hM",
							"type": "string"
						}
					]
				},
				"method": "PUT",
				"header": [],
				"body": {
					"mode": "raw",
					"raw": "{\r\n            \"id\": 1,\r\n            \"nome\": \"Relógio Cuco Ouro \",\r\n            \"preco\": 950,\r\n            \"qtdEstoque\": 9,\r\n            \"descricao\": \"Relogio importado feito mão\",\r\n            \"status\": \"Novo\",\r\n            \"pedindo\": []\r\n}",
					"options": {
						"raw": {
							"language": "json"
						}
					}
				},
				"url": {
					"raw": "http://localhost:8080/produtos/1",
					"protocol": "http",
					"host": [
						"localhost"
					],
					"port": "8080",
					"path": [
						"produtos",
						"1"
					]
				}
			},
			"response": []
		}
	]
}